{
    "img wh": [
        4096,
        1536
    ],
    "robot": {
        "01": {
            "position": [
                48.6,
                103.78,
                131.22,
                -9.47
            ],
            "image_data": {
                "img xywhn": [
                    0.5,
                    0.5,
                    1.0,
                    0.5
                ],
                "overlay_xy": [
                    0,
                    768
                ],
                "img": null
            }
        },
        "02": {
            "position": [
                59.79,
                79.34,
                117.21,
                -9.47
            ],
            "image_data": {
                "img xywhn": [
                    0.5,
                    0.5,
                    0.33333333,
                    0.5
                ],
                "overlay_xy": [
                    0,
                    0
                ],
                "img": null
            }
        },
        "03": {
            "position": [
                82.86,
                62.5,
                98.73,
                -9.47
            ],
            "image_data": {
                "img xywhn": [
                    0.5,
                    0.5,
                    0.33333333,
                    0.5
                ],
                "overlay_xy": [
                    683,
                    0
                ],
                "img": null
            }
        },
        "04": {
            "position": [
                106.58,
                79.34,
                117.21,
                -9.47
            ],
            "image_data": {
                "img xywhn": [
                    0.5,
                    0.5,
                    0.33333333,
                    0.5
                ],
                "overlay_xy": [
                    1365,
                    0
                ],
                "img": null
            }
        },
        "05": {
            "position": [
                213.81,
                118.4,
                130.82,
                -9.47
            ],
            "image_data": {
                "img xywhn": [
                    0.5,
                    0.5,
                    0.5,
                    0.5
                ],
                "overlay_xy": [
                    2048,
                    768
                ],
                "img": null
            }
        },
        "06": {
            "position": [
                334.52,
                103.8,
                131.22,
                -9.47
            ],
            "image_data": {
                "img xywhn": [
                    0.5,
                    0.5,
                    0.5,
                    0.5
                ],
                "overlay_xy": [
                    3072,
                    768
                ],
                "img": null
            }
        }
    }
}